model,cv_rmse,cv_mae,cv_r2
RandomForest,4.498908075089694,3.4886749999999997,0.2237103764189577
GradientBoosting,5.029698410826723,3.9009562829286866,-0.00572256816244523
Ridge,6.396455787139542,5.135702666932483,-0.730036801609146
Lasso,6.559932217219554,5.272654536171181,-0.8775290563572471
LinearRegression,104767432298.71222,27050834704.93301,-1.5410741290995522e+21
